Finishing,,,
,Leather,,
,,Aniline,
,,Antique,
,,Bonded,
,,Buff,
,,Distressed,
,,Double-face,
,,Dyed,
,,Embossed,
,,Flocked,
,,Glazed,
,,Lazer,
,,Matte ,
,,Naked,
,,Nappa,
,,Natural,
,,Natural Grain,
,,Nubuck,
,,Patent,
,,Pearlized,
,,Perforated,
,,Pigmented,
,,Plongé,
,,Printed,
,,Pu,
,,Saddle,
,,Screen Printed,
,,Semi Aniline,
,,Split Nappa,
,,Split Suede,
,,Stretch,
,,,Stretch Nappa
,,,Stretch Nappa Metal
,,,Stretch Nubuck
,,,Stretch Plongé
,,,Stretch Suede
,,Suede,
,,Washed,
,,Waxy,
,Fur,,
,,Double Face,
,,Dyed,
,,Embossed,
,,Knitting,
,,Lazer Finish,
,,Leathering,
,,Nappa Finish,
,,Natural,
,,Screen Printed,
,,Shaved,
,,Suede,
,Fabric,,
,,Softening Finish,
,,Brush and Sanding Finish,
,,Mercerizing and Singeing Finish,
,,Chintz Finish,
,,Peach Skin Finish,
,,Embossing Finish,
,,Calendering Finish,
,,Pressing Finish,
,,Shrinkage Finish,
,,Repellent and Resistant Fabrics,
,,,Water-Repellent Finish
,,,Stain-Resistant Finish
,,,Crease-Resistant Finish
,,,Flame-Resistant Finish
,,,Shrink-Resistant Finish
Tanning,,,
,Chrome,,
,Chrome Free,,
,Veg Tan,,
,Oil Tan,,
,Drummed Dyed,,
Pattern,,,
,Textile,,
,,Basketweave,
,,Brocade,
,,Checked,
,,Chevron,
,,Chinoiserie,
,,Chintz,
,,Damask,
,,Ditzy,
,,Flame Stitch,
,,Fleur de Lis,
,,Floral,
,,Geometric,
,,Gingham,
,,Greek Key,
,,Harlequin,
,,Herringbone,
,,Houndstooth,
,,Ikat,
,,Jacquard,
,,Leopard,
,,Medaillon,
,,Moroccan Lattice,
,,Ogee,
,,Paisley,
,,Polka Dot,
,,Stripes,
,,Tartan,
,,Toile,
,,Trellis,
,,Zebra,
,Fake fur,,
,,Plain,
,,Stripe,
,,Embossed,
,,Animal print,
Fabric Finish,,,
,Denim,,
,,Black-Black denim,
,,Bull Denim,
,,Colored Denim,
,,Cotton Serge Denim,
,,Crushed Denim,
,,Dual Ring-Spun Denim,
,,Ecru Denim,
,,Natural Denim,
,,Open End Denim,
,,Over Twisted Denim,
,,Pinto Wash Denim,
,,Polycore Denim,
,,Printed Denim,
,,Raw/Dry Denim,
,,Reverse Denim,
,,Ring Denim,
,,Ring-Ring Denim,
,,Ring-spun Denim,
,,Stonewashed,
,,Riverwashed,
,,Indigo,
,,Tate-Ochi,
,Garment,,
,,Permanent Press Finish,
,,Pre-curing,
,,Post-Curing,
,,Skewing Finish,
Colour,,,
,Blue,,
,Blush,,
,Brown,,
,Camel,,
,Champagne,,
,Cream,,
,Gold,,
,Gray,,
,Green,,
,Ivory,,
,Khaki,,
,Light blue,,
,Light grey,,
,Lilac,,
,Lime green,,
,Mint,,
,Mustard,,
,Navy,,
,Neon Green,,
,Neon Orange,,
,Neon Pink,,
,Orange,,
,Pink,,
,Red,,
,Rose Gold,,
,Rust,,
,Rust Brown,,
,Sand,,
,Silver,,
,Tan,,
,Taupe,,
,White,,
,Yellow,,