Women,,,
,Clothing,,
,,Coats & Jackets,
,,Dresses,
,,Dungarees,
,,Jeans,
,,Jumpsuits & Playsuits,
,,"Jumpers, Cardigans & Sweatshirts",
,,Leggings,
,,Lingerie & Underwear,
,,Maternity,
,,Nightwear,
,,Shorts,
,,Skirts,
,,Snow & Rainwear,
,,Socks & Tights,
,,Sportswear,
,,Suits & Blazers,
,,Swimwear,
,,"Tops,T-Shirts & Blouses",
,,Trousers,
,,Petite & plus sizes,
,Accessories,,
,,Arm Warmers & Muffs,
,,Belt Buckles,
,,Belts,
,,Braces,
,,Earmuffs,
,,Eyewear & Accessories,
,,Gloves & Mittens,
,,Handkerchiefs,
,,Hats & Caps,
,,Headbands,
,,Kidney Warmers,
,,Scarves & Wraps,
,,"Wallets, Card Cases & Money Organizers",
,Shoes,,
,,Ballet Flats,
,,Boat Shoes,
,,Boots,
,,Clogs & Mules,
,,Court Shoes,
,,Espadrilles,
,,Flip Flops & Thongs,
,,Lace-Up Flats,
,,Loafer Flats,
,,Mary Janes,
,,Sandals,
,,Slippers,
,,Sports & Outdoor Shoes,
,,Trainers,
,,Work & Utility Footwear,
,Handbags,,
,,Clutches,
,,Cross-Body and shoulder Bags,
,,Fashion Backpacks,
,,Top-Handle Bags,
,,Athletic and functional bags,
,Watches,,
,,Swiss & Luxury Store,
,,Contemporary & Design Watches,
,,Fashion Watches,
,,Smartwatches,
,,Sports Watches,
,,Classic Watches,
,Jewellery,,
,,Anklets,
,,Bracelets,
,,Brooches & Pins,
,,Charms,
,,Earrings,
,,Hair Jewellery,
,,Necklaces,
,,Pendants & Coins,
,,Rings,
Men,,,
,Clothing,,
,,Coats & Jackets,
,,Dungarees,
,,Jeans,
,,"Jumpers, Cardigans & Sweatshirts",
,,Nightwear,
,,Shorts,
,,Snow & Rainwear,
,,Socks,
,,Sportswear,
,,Suits & Blazers,
,,Swimwear,
,,"Tops, T-Shirts & Shirts",
,,Trousers,
,,Underwear,
,Shoes,,
,,Boat Shoes,
,,Boots,
,,Clogs & Mules,
,,Espadrilles,
,,Flip Flops & Thongs,
,,Lace-ups,
,,Loafer Flats,
,,Safety Shoes & Boots,
,,Sandals,
,,Slippers,
,,Sports & Outdoor Shoes,
,,Trainers,
,Bags & Wallets,,
,,Wallets,
,,Carry-All ,
,,Organiser Clutches,
,,Shoulder Bags,
,,Top-Handle Bags,
,Accessories,,
,,Belts,
,,Hats,
,,Scarves,
,,Sunglasses,
,Men’s Jewellery,,
,,Bracelets,
,,Earrings,
,,Neckwear,
,,Rings,
,,Shirt Accessories,
,Men’s Watches,,
,,Contemporary & Design Watches,
,,Fashion Watches,
,,Smartwatches,
,,Classic Watches,
Baby and Toddler,,,
,Baby girl clothing,,
,,Accessories,
,,Bodysuits & One-Pieces,
,,Christening Gowns,
,,Coats & Jackets,
,,Dresses,
,,Dungarees,
,,Hoodies & Tracksuits,
,,Jeans,
,,Knitwear,
,,Leggings,
,,Shorts,
,,Skirts & Skorts,
,,Sleepwear & Robes,
,,Snow & Rainwear,
,,Socks & Tights,
,,Swimwear,
,,Tops,
,,Trousers,
,,Underwear,
,Baby girls shoes,,
,,Booties,
,,First Walking Shoes,
,,Sandals,
,,Slippers,
,,Trainers,
,,Water Shoes,
,Baby boy clothing,,
,,Accessories,
,,Bodysuits & One-Pieces,
,,Christening Gowns,
,,Coats & Jackets,
,,Dungarees,
,,Hoodies & Tracksuits,
,,Jeans,
,,Knitwear,
,,Leggings,
,,Outfits & Clothing Sets,
,,Shorts,
,,Sleepwear & Robes,
,,Snow & Rainwear,
,,Socks & Tights,
,,Suits & Blazers,
,,Swimwear,
,,Tops,
,,Trousers,
,,Underwear,
,Baby Boys Shoes,,
,,Booties,
,,First Walking Shoes,
,,Sandals,
,,Slippers,
,,Trainers,
,,Water Shoes,
Girls,,,
,Girls Clothing,,
,,Blazers,
,,Coats & Jackets,
,,Dresses,
,,Jumpsuits,
,,Skirts & Skorts,
,,Coats & Jackets,
,,Dungarees,
,,Hoodies & Sweatshirts,
,,Jeans,
,,Knitwear,
,,"Socks, Tights & Leggings",
,,Outfits & Clothing Sets,
,,Shorts,
,,Sleepwear & Robes,
,,Snow & Rainwear,
,,Socks,
,,Sportswear,
,,Suits & Blazers,
,,Swimwear,
,,"Tops, T-Shirts & Shirts",
,,Trousers,
,,Underwear,
,Girls' Shoes,,
,,Ballet Flats,
,,Boat Shoes,
,,Boots,
,,Clogs & Mules,
,,Court Shoes,
,,Espadrilles,
,,Flip Flops & Thongs,
,,Lace-Up Flats,
,,Loafer Flats,
,,Mary Janes,
,,Sandals,
,,Slippers,
,,Sports & Outdoor Shoes,
,,Trainers,
,Girl's Watches,,
,,Wrist Watches,
,,Fashion Smartwatches,
,,Pocket & Fob Watches,
,,Watch Straps,
,Girl's Jewellery,,
,,Anklets,
,,Bracelets,
,,Brooches & Pins,
,,Charms,
,,Earrings,
,,Hair Jewellery,
,,Jewellery Sets,
,,Necklaces,
,,Pendants & Coins,
,,Rings,
Boys,,,
,Boys Clothing,,
,,Accessories,
,,Coats & Jackets,
,,Dungarees,
,,Hoodies & Sweatshirts,
,,Jeans,
,,Knitwear,
,,Shorts,
,,Sleepwear & Robes,
,,Snow & Rainwear,
,,Socks,
,,Sportswear,
,,Suits & Blazers,
,,Swimwear,
,,"Tops, T-Shirts & Shirts",
,,Trousers,
,,Underwear,
,Boys' Shoes,,
,,Boat Shoes,
,,Boots,
,,Clogs & Mules,
,,Espadrilles,
,,Flip Flops & Thongs,
,,Lace-ups,
,,Loafer Flats,
,,Sandals,
,,Slippers,
,,Sports & Outdoor Shoes,
,,Trainers,
,Boy's watches,,
,,Wrist Watches,
,,Fashion Smartwatches,
,,Pocket & Fob Watches,
,,Watch Straps,
Ethnic & religious,,,
,India / Pakistan,,
,,Women,
,,,Sarees
,,,Kurtas & Kurtis
,,,Salwar Suits
,,,Lehenga Cholis
,,,Gowns
,,,Bottom Wear
,,,Blouses
,,,Palazzos
,,,Chunnis & Dupattas
,,Men,
,,,Kurtas
,,,Kurta Sets
,,,"Dhotis, Mundus & Lungis"
,,,Pyjamas
,,,Nehru Jackets
,,,Sherwanis
,,,Stoles
,Maghreb,,
,Nigeria,,
,Muslim clothing,,
,,Nikab,
,,Hijab,
Work clothes & Uniforms,,,
,Brewing Clothes,,
,Business Casual,,
,Chef Uniforms,,
,Construction,,
,Farm & Ranch,,
,Hospitality Uniforms,,
,Lawn & Garden,,
,Logger Clothing,,
,Mechanic Uniforms,,
,Medical Uniforms,,
,Painter Clothing,,
,Snow Removal,,
,Tactical Workwear,,
,Welding & Manufacturing,,
,Work Utility & Safety Clothing,,
,Cleaning & Janitorial,,
,School Uniforms,,